,train_accuracy,train_f1_C0,train_f1_C1,train_precision_C0,train_precision_C1,train_recall_C0,train_recall_C1,train_roc_auc,valid_accuracy,valid_f1_C0,valid_f1_C1,valid_precision_C0,valid_precision_C1,valid_recall_C0,valid_recall_C1,valid_roc_auc
0,0.5,0.6666666666666666,0.0,0.5,0.0,1.0,0.0,0.7430706049975455,0.6083333333333333,0.7564766839378237,0.0,0.6083333333333333,0.0,1.0,0.0,0.7327309822209269
1,0.5,0.0,0.6666666666666666,0.0,0.5,0.0,1.0,0.7512481890781958,0.39166666666666666,0.0,0.562874251497006,0.0,0.39166666666666666,0.0,1.0,0.7636257650830661
2,0.6833910034602076,0.6871794871794872,0.679509632224168,0.6790540540540541,0.6879432624113475,0.6955017301038062,0.671280276816609,0.7546126123968822,0.6916666666666667,0.725925925925926,0.6476190476190475,0.7903225806451613,0.5862068965517241,0.6712328767123288,0.723404255319149,0.7674147478869134
3,0.6816608996539792,0.695364238410596,0.6666666666666666,0.6666666666666666,0.6996197718631179,0.726643598615917,0.6366782006920415,0.760443481280157,0.7416666666666667,0.7801418439716311,0.6868686868686869,0.8088235294117647,0.6538461538461539,0.7534246575342466,0.723404255319149,0.774409793063247
4,0.6262975778546713,0.4224598930481284,0.7237851662404092,0.9294117647058824,0.5740365111561866,0.27335640138408307,0.9792387543252595,0.7625148166329427,0.48333333333333334,0.2954545454545454,0.5921052631578947,0.8666666666666667,0.42857142857142855,0.1780821917808219,0.9574468085106383,0.7682891285339553
5,0.671280276816609,0.6200000000000001,0.7103658536585366,0.7345971563981043,0.6348773841961853,0.5363321799307958,0.8062283737024222,0.7707522658971995,0.6583333333333333,0.6554621848739496,0.6611570247933884,0.8478260869565217,0.5405405405405406,0.5342465753424658,0.851063829787234,0.780238997376858
6,0.6557093425605537,0.5361305361305362,0.7262723521320495,0.8214285714285714,0.6027397260273972,0.39792387543252594,0.9134948096885813,0.7789298499778499,0.5416666666666666,0.4329896907216495,0.6153846153846154,0.875,0.4583333333333333,0.2876712328767123,0.9361702127659575,0.7860682016904692
7,0.6072664359861591,0.3605633802816901,0.7166042446941324,0.9696969696969697,0.560546875,0.22145328719723184,0.9930795847750865,0.7829288442427653,0.48333333333333334,0.2619047619047619,0.6025641025641025,1.0,0.43119266055045874,0.1506849315068493,1.0,0.7904401049256777
8,0.615916955017301,0.39673913043478254,0.7182741116751269,0.9240506329113924,0.5671342685370742,0.25259515570934254,0.9792387543252595,0.7879455466289914,0.5,0.3023255813953488,0.6103896103896104,1.0,0.4392523364485981,0.1780821917808219,1.0,0.7942290877295249
9,0.7214532871972318,0.7109515260323159,0.7312186978297162,0.7388059701492538,0.7064516129032258,0.6851211072664359,0.7577854671280276,0.7924593814729229,0.6833333333333333,0.703125,0.6607142857142857,0.8181818181818182,0.5692307692307692,0.6164383561643836,0.7872340425531915,0.7898571844943165
10,0.6764705882352942,0.6222222222222222,0.7170953101361572,0.7475728155339806,0.6370967741935484,0.532871972318339,0.8200692041522492,0.7942673100178398,0.6583333333333333,0.6554621848739496,0.6611570247933884,0.8478260869565217,0.5405405405405406,0.5342465753424658,0.851063829787234,0.7851938210434276
11,0.6851211072664359,0.7369942196531791,0.6077586206896551,0.6327543424317618,0.8057142857142857,0.8823529411764706,0.48788927335640137,0.8014391590139007,0.7166666666666667,0.7926829268292682,0.5526315789473684,0.7142857142857143,0.7241379310344828,0.8904109589041096,0.44680851063829785,0.8009326726901778
12,0.6799307958477508,0.605543710021322,0.7307132459970888,0.7888888888888889,0.6306532663316583,0.4913494809688581,0.8685121107266436,0.8023850289148837,0.6416666666666667,0.6126126126126126,0.6666666666666667,0.8947368421052632,0.524390243902439,0.4657534246575342,0.9148936170212766,0.8006412124744973
13,0.7024221453287197,0.7432835820895521,0.6460905349794239,0.6535433070866141,0.7969543147208121,0.8615916955017301,0.5432525951557093,0.8102992061876654,0.7416666666666667,0.802547770700637,0.6265060240963856,0.75,0.7222222222222222,0.863013698630137,0.5531914893617021,0.8020985135529001
14,0.6557093425605537,0.4936386768447837,0.7391874180865006,0.9326923076923077,0.5949367088607594,0.3356401384083045,0.9757785467128027,0.8173513248165132,0.525,0.3736263736263736,0.6174496644295302,0.9444444444444444,0.45098039215686275,0.2328767123287671,0.9787234042553191,0.8111337802389973
15,0.7214532871972318,0.7180385288966726,0.7247863247863247,0.7269503546099291,0.7162162162162162,0.7093425605536332,0.7335640138408305,0.8227631374145424,0.7083333333333334,0.7368421052631579,0.6728971962616823,0.8166666666666667,0.6,0.6712328767123288,0.7659574468085106,0.8143398426114836
16,0.726643598615917,0.726643598615917,0.726643598615917,0.726643598615917,0.726643598615917,0.726643598615917,0.726643598615917,0.8284024377102764,0.725,0.7555555555555556,0.6857142857142856,0.8225806451612904,0.6206896551724138,0.6986301369863014,0.7659574468085106,0.8152142232585252
17,0.7422145328719724,0.7529021558872305,0.7305605786618445,0.7229299363057324,0.7651515151515151,0.7854671280276817,0.698961937716263,0.8321619712407659,0.7416666666666667,0.7737226277372263,0.6990291262135921,0.828125,0.6428571428571429,0.726027397260274,0.7659574468085106,0.8195861264937336
18,0.7093425605536332,0.611111111111111,0.7679558011049724,0.9230769230769231,0.639080459770115,0.45674740484429066,0.9619377162629758,0.8364483183869924,0.625,0.5631067961165048,0.6715328467153284,0.9666666666666667,0.5111111111111111,0.3972602739726027,0.9787234042553191,0.8257067910230254
19,0.7179930795847751,0.7592319054652881,0.6597077244258873,0.6623711340206185,0.8315789473684211,0.889273356401384,0.5467128027681661,0.838675303217155,0.75,0.8125,0.625,0.7471264367816092,0.7575757575757576,0.8904109589041096,0.5319148936170213,0.8195861264937336
20,0.7058823529411765,0.6046511627906976,0.7658402203856749,0.9219858156028369,0.6361556064073226,0.44982698961937717,0.9619377162629758,0.8412375330755139,0.6083333333333333,0.5346534653465346,0.6618705035971223,0.9642857142857143,0.5,0.3698630136986301,0.9787234042553191,0.8216263480034975
21,0.7214532871972318,0.6349206349206349,0.7748251748251748,0.9210526315789473,0.6502347417840375,0.4844290657439446,0.9584775086505191,0.8445660372840362,0.6333333333333333,0.5849056603773585,0.6716417910447762,0.9393939393939394,0.5172413793103449,0.4246575342465753,0.9574468085106383,0.8280384727484699
22,0.7716262975778547,0.7327935222672066,0.8006042296072508,0.8829268292682927,0.710455764075067,0.6262975778546713,0.916955017301038,0.8477388920151817,0.65,0.6379310344827587,0.6612903225806451,0.8604651162790697,0.5324675324675324,0.5068493150684932,0.8723404255319149,0.8280384727484699
23,0.6332179930795848,0.4239130434782609,0.7309644670050762,0.9873417721518988,0.5771543086172345,0.2698961937716263,0.9965397923875432,0.8490559260545252,0.49166666666666664,0.2823529411764706,0.6064516129032258,1.0,0.4351851851851852,0.1643835616438356,1.0,0.8259982512387058
24,0.7058823529411765,0.7564469914040114,0.62882096069869,0.6454767726161369,0.8520710059171598,0.9134948096885813,0.4982698961937716,0.8546832533135379,0.7583333333333333,0.8242424242424241,0.6133333333333333,0.7391304347826086,0.8214285714285714,0.9315068493150684,0.48936170212765956,0.8324103759836783
25,0.7162629757785467,0.6272727272727273,0.7709497206703911,0.9139072847682119,0.6463700234192038,0.47750865051903113,0.9550173010380623,0.8580835957423881,0.6333333333333333,0.5849056603773585,0.6716417910447762,0.9393939393939394,0.5172413793103449,0.4246575342465753,0.9574468085106383,0.8361993587875255
26,0.7145328719723183,0.759124087591241,0.6496815286624205,0.6565656565656566,0.8406593406593407,0.8996539792387543,0.5294117647058824,0.8614240729876319,0.7583333333333333,0.8220858895705521,0.6233766233766233,0.7444444444444445,0.8,0.9178082191780822,0.5106382978723404,0.8367822792188867
27,0.7110726643598616,0.6178489702517163,0.7677329624478442,0.9121621621621622,0.641860465116279,0.4671280276816609,0.9550173010380623,0.8640581410663186,0.625,0.5631067961165048,0.6715328467153284,0.9666666666666667,0.5111111111111111,0.3972602739726027,0.9787234042553191,0.8350335179248033
28,0.7560553633217993,0.6967741935483871,0.7959479015918959,0.9204545454545454,0.6840796019900498,0.5605536332179931,0.9515570934256056,0.8665605057410711,0.65,0.6181818181818182,0.676923076923077,0.918918918918919,0.5301204819277109,0.4657534246575342,0.9361702127659575,0.833867677062081
29,0.7681660899653979,0.7838709677419355,0.75,0.7341389728096677,0.8137651821862348,0.8408304498269896,0.6955017301038062,0.8696974413620526,0.7416666666666667,0.7862068965517242,0.6736842105263158,0.7916666666666666,0.6666666666666666,0.7808219178082192,0.6808510638297872,0.8394054211600117
30,0.6695501730103807,0.7443105756358769,0.5330073349633251,0.6069868995633187,0.9083333333333333,0.9619377162629758,0.3771626297577855,0.8710264484381174,0.7416666666666667,0.8248587570621468,0.5079365079365079,0.7019230769230769,1.0,1.0,0.3404255319148936,0.8350335179248032
31,0.7820069204152249,0.7449392712550608,0.8096676737160121,0.8975609756097561,0.7184986595174263,0.6366782006920415,0.9273356401384083,0.8713497204295925,0.6583333333333333,0.6495726495726495,0.6666666666666667,0.8636363636363636,0.5394736842105263,0.5205479452054794,0.8723404255319149,0.83853104051297
32,0.7283737024221453,0.6455981941309255,0.779803646563815,0.9285714285714286,0.6556603773584906,0.49480968858131485,0.9619377162629758,0.8745225751607381,0.6416666666666667,0.5981308411214953,0.6766917293233082,0.9411764705882353,0.5232558139534884,0.4383561643835616,0.9574468085106383,0.835907898571845
33,0.8079584775086506,0.7932960893854748,0.8206785137318255,0.8588709677419355,0.7696969696969697,0.7370242214532872,0.8788927335640139,0.8762227463751631,0.7416666666666667,0.7703703703703705,0.7047619047619048,0.8387096774193549,0.6379310344827587,0.7123287671232876,0.7872340425531915,0.8394054211600117
34,0.7249134948096886,0.767203513909224,0.6638477801268499,0.6649746192893401,0.8532608695652174,0.9065743944636678,0.5432525951557093,0.8796230888040134,0.7666666666666667,0.8271604938271604,0.641025641025641,0.7528089887640449,0.8064516129032258,0.9178082191780822,0.5319148936170213,0.8461090061206645
35,0.6920415224913494,0.7568306010928961,0.5801886792452831,0.6252821670428894,0.9111111111111111,0.9584775086505191,0.42560553633217996,0.8814789094958154,0.7583333333333333,0.8323699421965317,0.5671641791044776,0.72,0.95,0.9863013698630136,0.40425531914893614,0.8440687846109006
36,0.8096885813148789,0.8090277777777779,0.810344827586207,0.8118466898954704,0.8075601374570447,0.8062283737024222,0.8131487889273357,0.8828198896086015,0.7416666666666667,0.7832167832167832,0.6804123711340208,0.8,0.66,0.7671232876712328,0.7021276595744681,0.8496065287088312
37,0.6730103806228374,0.5166240409207161,0.7529411764705882,0.9901960784313726,0.6050420168067226,0.3494809688581315,0.9965397923875432,0.884975036218436,0.525,0.3595505617977528,0.6225165562913908,1.0,0.4519230769230769,0.2191780821917808,1.0,0.8466919265520256
38,0.7301038062283737,0.6486486486486487,0.7808988764044943,0.9290322580645162,0.6572104018912529,0.4982698961937716,0.9619377162629758,0.8866752074328611,0.6333333333333333,0.5925925925925926,0.6666666666666667,0.9142857142857143,0.5176470588235295,0.4383561643835616,0.9361702127659575,0.845817545904984
39,0.801038062283737,0.7749510763209392,0.8217054263565892,0.8918918918918919,0.7443820224719101,0.6851211072664359,0.916955017301038,0.8866153422492545,0.6916666666666667,0.6991869918699187,0.6837606837606837,0.86,0.5714285714285714,0.589041095890411,0.851063829787234,0.851063829787234
40,0.7820069204152249,0.7967741935483872,0.7649253731343283,0.7462235649546828,0.8299595141700404,0.8546712802768166,0.7093425605536332,0.8882436752433519,0.7666666666666667,0.8133333333333332,0.6888888888888888,0.7922077922077922,0.7209302325581395,0.8356164383561644,0.6595744680851063,0.8536869717283591
41,0.7837370242214533,0.7433264887063655,0.8131539611360239,0.9141414141414141,0.7157894736842105,0.6262975778546713,0.9411764705882353,0.8905544713305636,0.6833333333333333,0.6666666666666666,0.6984126984126984,0.926829268292683,0.5569620253164557,0.5205479452054794,0.9361702127659575,0.8528125910813175
42,0.8166089965397924,0.8146853146853147,0.8184931506849316,0.823321554770318,0.8101694915254237,0.8062283737024222,0.8269896193771626,0.8924462111325295,0.7333333333333333,0.7746478873239437,0.673469387755102,0.7971014492753623,0.6470588235294118,0.7534246575342466,0.7021276595744681,0.8525211308656369
43,0.8235294117647058,0.8204225352112675,0.826530612244898,0.8351254480286738,0.8127090301003345,0.8062283737024222,0.8408304498269896,0.8944097891548233,0.725,0.7659574468085105,0.6666666666666666,0.7941176470588235,0.6346153846153846,0.7397260273972602,0.7021276595744681,0.8519382104342756
44,0.8062283737024222,0.7829457364341086,0.825,0.8898678414096917,0.7521367521367521,0.698961937716263,0.9134948096885813,0.8949844949174459,0.725,0.736,0.7130434782608696,0.8846153846153846,0.6029411764705882,0.6301369863013698,0.8723404255319149,0.8522296706499563
45,0.726643598615917,0.7736389684813755,0.6550218340611352,0.6601466992665037,0.8875739644970414,0.9342560553633218,0.5190311418685121,0.8978101315836735,0.75,0.8170731707317073,0.6052631578947368,0.7362637362637363,0.7931034482758621,0.9178082191780822,0.48936170212765956,0.8528125910813175
46,0.8062283737024222,0.78125,0.8260869565217391,0.8968609865470852,0.7492957746478873,0.6920415224913494,0.9204152249134948,0.9005639300295734,0.7083333333333334,0.7154471544715447,0.7008547008547009,0.88,0.5857142857142857,0.6027397260273972,0.8723404255319149,0.8542698921597203
47,0.8269896193771626,0.8239436619718309,0.8299319727891157,0.8387096774193549,0.8160535117056856,0.8096885813148789,0.8442906574394463,0.9006716873600651,0.725,0.7659574468085105,0.6666666666666666,0.7941176470588235,0.6346153846153846,0.7397260273972602,0.7021276595744681,0.8542698921597202
48,0.8114186851211073,0.7841584158415842,0.8325652841781875,0.9166666666666666,0.7486187845303868,0.6851211072664359,0.9377162629757786,0.9014020426000647,0.7166666666666667,0.7166666666666667,0.7166666666666667,0.9148936170212766,0.589041095890411,0.589041095890411,0.9148936170212766,0.8545613523754008
49,0.7335640138408305,0.6451612903225806,0.7867036011080332,0.9655172413793104,0.6558891454965358,0.4844290657439446,0.9826989619377162,0.9037487577974402,0.6083333333333333,0.5346534653465346,0.6618705035971223,0.9642857142857143,0.5,0.3698630136986301,0.9787234042553191,0.8525211308656369
50,0.8217993079584776,0.8268907563025211,0.8163992869875224,0.803921568627451,0.8419117647058824,0.8512110726643599,0.7923875432525952,0.9050538188000622,0.7666666666666667,0.8133333333333332,0.6888888888888888,0.7922077922077922,0.7209302325581395,0.8356164383561644,0.6595744680851063,0.8583503351792481
51,0.8131487889273357,0.7848605577689244,0.8348623853211009,0.9248826291079812,0.7479452054794521,0.6816608996539792,0.9446366782006921,0.9087894062571089,0.7083333333333334,0.7058823529411764,0.7107438016528925,0.9130434782608695,0.581081081081081,0.5753424657534246,0.9148936170212766,0.8586417953949286
52,0.8442906574394463,0.8392857142857143,0.8489932885906041,0.8671586715867159,0.8241042345276873,0.8131487889273357,0.8754325259515571,0.9085020533757977,0.75,0.7857142857142858,0.7,0.8208955223880597,0.660377358490566,0.7534246575342466,0.7446808510638298,0.8609734771203731
53,0.7318339100346021,0.7788873038516405,0.6593406593406592,0.662621359223301,0.9036144578313253,0.9446366782006921,0.5190311418685121,0.9099986829659608,0.7666666666666667,0.8313253012048193,0.6216216216216216,0.7419354838709677,0.8518518518518519,0.9452054794520548,0.48936170212765956,0.8618478577674148
54,0.8391003460207612,0.8261682242990653,0.8502415458937198,0.8983739837398373,0.7951807228915663,0.7647058823529411,0.9134948096885813,0.9109684989403862,0.725,0.7480916030534351,0.6972477064220183,0.8448275862068966,0.6129032258064516,0.6712328767123288,0.8085106382978723,0.8603905566890119
55,0.773356401384083,0.804185351270553,0.731006160164271,0.7078947368421052,0.898989898989899,0.9307958477508651,0.615916955017301,0.9124052633469426,0.7666666666666667,0.825,0.65,0.7586206896551724,0.7878787878787878,0.9041095890410958,0.5531914893617021,0.8621393179830953
56,0.6972318339100346,0.7612551159618007,0.5862884160756502,0.6283783783783784,0.9253731343283582,0.9653979238754326,0.4290657439446367,0.9129679960728441,0.7666666666666667,0.8372093023255814,0.5882352941176471,0.7272727272727273,0.9523809523809523,0.9863013698630136,0.425531914893617,0.863013698630137
57,0.8477508650519031,0.8445229681978799,0.8508474576271187,0.8628158844765343,0.8338870431893688,0.8269896193771626,0.8685121107266436,0.9149914392787444,0.7833333333333333,0.8194444444444445,0.7291666666666666,0.8309859154929577,0.7142857142857143,0.8082191780821918,0.7446808510638298,0.8615563975517342
58,0.8442906574394463,0.8357664233576643,0.8519736842105262,0.8841698841698842,0.8119122257053292,0.7923875432525952,0.8961937716262975,0.917026855521366,0.7416666666666667,0.7703703703703705,0.7047619047619048,0.8387096774193549,0.6379310344827587,0.7123287671232876,0.7872340425531915,0.8560186534538036
59,0.773356401384083,0.8053491827637443,0.7287784679089028,0.7057291666666666,0.9072164948453608,0.9377162629757786,0.6089965397923875,0.9186312424420205,0.75,0.8125,0.625,0.7471264367816092,0.7575757575757576,0.8904109589041096,0.5319148936170213,0.8638880792771786
60,0.8166089965397924,0.7896825396825398,0.8374233128834357,0.9255813953488372,0.7520661157024794,0.6885813148788927,0.9446366782006921,0.9198524921875936,0.7166666666666667,0.7166666666666667,0.7166666666666667,0.9148936170212766,0.589041095890411,0.589041095890411,0.9148936170212766,0.8638880792771786
61,0.7525951557093425,0.7924528301886792,0.6937901498929337,0.6825,0.9101123595505618,0.9446366782006921,0.5605536332179931,0.9198764382610362,0.7583333333333333,0.8198757763975154,0.6329113924050632,0.75,0.78125,0.9041095890410958,0.5319148936170213,0.8624307781987759
62,0.8027681660899654,0.7663934426229507,0.8293413173652694,0.9396984924623115,0.7308707124010554,0.6470588235294118,0.9584775086505191,0.9223069647154608,0.6833333333333333,0.6666666666666666,0.6984126984126984,0.926829268292683,0.5569620253164557,0.5205479452054794,0.9361702127659575,0.8595161760419704
63,0.8217993079584776,0.7935871743486974,0.8432267884322678,0.9428571428571428,0.7527173913043478,0.6851211072664359,0.9584775086505191,0.9231211312125093,0.7,0.6949152542372882,0.7049180327868853,0.9111111111111111,0.5733333333333334,0.5616438356164384,0.9148936170212766,0.8638880792771787
64,0.7768166089965398,0.8077496274217586,0.734020618556701,0.7094240837696335,0.9081632653061225,0.9377162629757786,0.615916955017301,0.9226781288538212,0.75,0.8125,0.625,0.7471264367816092,0.7575757575757576,0.8904109589041096,0.5319148936170213,0.8618478577674148
65,0.8269896193771626,0.8427672955974842,0.8076923076923077,0.7723342939481268,0.9090909090909091,0.9273356401384083,0.726643598615917,0.9252403587121802,0.7583333333333333,0.8152866242038217,0.6506024096385542,0.7619047619047619,0.75,0.8767123287671232,0.574468085106383,0.8641795394928593
66,0.5778546712802768,0.7017114914425427,0.2781065088757396,0.5425330812854442,0.9591836734693877,0.9930795847750865,0.16262975778546712,0.9249530058308688,0.6666666666666666,0.7849462365591399,0.25925925925925924,0.6460176991150443,1.0,1.0,0.14893617021276595,0.8641795394928592
67,0.8304498269896193,0.8055555555555555,0.8496932515337423,0.9441860465116279,0.7630853994490359,0.7024221453287197,0.9584775086505191,0.9268447456328349,0.7083333333333334,0.7058823529411764,0.7107438016528925,0.9130434782608695,0.581081081081081,0.5753424657534246,0.9148936170212766,0.8644709997085398
68,0.7750865051903114,0.8071216617210683,0.7302904564315352,0.7064935064935065,0.9119170984455959,0.9411764705882353,0.6089965397923875,0.927323667101687,0.75,0.8125,0.625,0.7471264367816092,0.7575757575757576,0.8904109589041096,0.5319148936170213,0.8633051588458175
69,0.8512110726643599,0.8506944444444444,0.8517241379310344,0.8536585365853658,0.8487972508591065,0.8477508650519031,0.8546712802768166,0.9290477843895547,0.7916666666666666,0.8275862068965517,0.7368421052631579,0.8333333333333334,0.7291666666666666,0.821917808219178,0.7446808510638298,0.8624307781987759
70,0.856401384083045,0.8551483420593368,0.8576329331046312,0.8626760563380281,0.8503401360544217,0.8477508650519031,0.8650519031141869,0.9282695370026699,0.7916666666666666,0.8275862068965517,0.7368421052631579,0.8333333333333334,0.7291666666666666,0.821917808219178,0.7446808510638298,0.8638880792771787
71,0.8667820069204152,0.8597449908925319,0.8731466227347611,0.9076923076923077,0.8333333333333334,0.8166089965397924,0.916955017301038,0.9315142299541431,0.7583333333333333,0.7913669064748201,0.7128712871287127,0.8333333333333334,0.6666666666666666,0.7534246575342466,0.7659574468085106,0.8635966190614981
72,0.8373702422145328,0.8156862745098039,0.8544891640866874,0.9411764705882353,0.773109243697479,0.7197231833910035,0.9550173010380623,0.9329869134708636,0.7083333333333334,0.7154471544715447,0.7008547008547009,0.88,0.5857142857142857,0.6027397260273972,0.8723404255319149,0.8638880792771786
73,0.8512110726643599,0.8612903225806452,0.8395522388059702,0.8066465256797583,0.9109311740890689,0.9238754325259516,0.7785467128027682,0.9338489721147974,0.7666666666666667,0.8181818181818182,0.6744186046511628,0.7777777777777778,0.7435897435897436,0.863013698630137,0.6170212765957447,0.8644709997085398
74,0.8581314878892734,0.8475836431226765,0.8673139158576052,0.9156626506024096,0.8145896656534954,0.7889273356401384,0.9273356401384083,0.9342800014367644,0.7416666666666667,0.7633587786259542,0.7155963302752293,0.8620689655172413,0.6290322580645161,0.684931506849315,0.8297872340425532,0.8644709997085398
75,0.8598615916955017,0.8665568369028007,0.8524590163934426,0.8270440251572327,0.9,0.9100346020761245,0.8096885813148789,0.9357167658433209,0.7666666666666667,0.8181818181818182,0.6744186046511628,0.7777777777777778,0.7435897435897436,0.863013698630137,0.6170212765957447,0.8641795394928593
76,0.8598615916955017,0.8491620111731844,0.8691437802907916,0.9193548387096774,0.8151515151515152,0.7889273356401384,0.9307958477508651,0.9378000742328277,0.7416666666666667,0.7669172932330827,0.7102803738317757,0.85,0.6333333333333333,0.6986301369863014,0.8085106382978723,0.8618478577674147
77,0.8615916955017301,0.8490566037735849,0.8722044728434505,0.9336099585062241,0.8100890207715133,0.7785467128027682,0.9446366782006921,0.9369260425521725,0.7416666666666667,0.7633587786259542,0.7155963302752293,0.8620689655172413,0.6290322580645161,0.684931506849315,0.8297872340425532,0.8644709997085398
78,0.8737024221453287,0.8660550458715595,0.8805237315875614,0.921875,0.8354037267080745,0.8166089965397924,0.9307958477508651,0.9387100250236468,0.775,0.8085106382978724,0.7272727272727273,0.8382352941176471,0.6923076923076923,0.7808219178082192,0.7659574468085106,0.863013698630137
79,0.8650519031141869,0.8617021276595745,0.8682432432432432,0.8836363636363637,0.8481848184818482,0.8408304498269896,0.889273356401384,0.9393206498964333,0.7833333333333333,0.8194444444444445,0.7291666666666666,0.8309859154929577,0.7142857142857143,0.8082191780821918,0.7446808510638298,0.8653453803555815
80,0.8373702422145328,0.8127490039840637,0.8562691131498471,0.9577464788732394,0.7671232876712328,0.7058823529411765,0.9688581314878892,0.9400629781731541,0.7166666666666667,0.7166666666666667,0.7166666666666667,0.9148936170212766,0.589041095890411,0.589041095890411,0.9148936170212766,0.8650539201399009
81,0.8633217993079585,0.8534322820037105,0.8719611021069692,0.92,0.8201219512195121,0.7958477508650519,0.9307958477508651,0.9412363357718418,0.75,0.7826086956521738,0.7058823529411765,0.8307692307692308,0.6545454545454545,0.7397260273972602,0.7659574468085106,0.8641795394928592
82,0.8615916955017301,0.865771812080537,0.8571428571428571,0.8403908794788274,0.8856088560885609,0.8927335640138409,0.8304498269896193,0.9413321200656123,0.7833333333333333,0.8289473684210525,0.7045454545454545,0.7974683544303798,0.7560975609756098,0.863013698630137,0.6595744680851063,0.8647624599242203
83,0.8235294117647058,0.7926829268292683,0.8463855421686747,0.9605911330049262,0.7493333333333333,0.6747404844290658,0.972318339100346,0.9447085164210199,0.7083333333333334,0.7008547008547009,0.7154471544715447,0.9318181818181818,0.5789473684210527,0.5616438356164384,0.9361702127659575,0.8644709997085398
84,0.71280276816609,0.773224043715847,0.6084905660377359,0.6388261851015802,0.9555555555555556,0.9792387543252595,0.4463667820069204,0.9420385292321692,0.7583333333333333,0.8304093567251463,0.5797101449275361,0.7244897959183674,0.9090909090909091,0.9726027397260274,0.425531914893617,0.8635966190614982
85,0.8546712802768166,0.8365758754863812,0.8691588785046729,0.9555555555555556,0.7903682719546742,0.7439446366782007,0.9653979238754326,0.9463129033416746,0.7333333333333333,0.746031746031746,0.7192982456140352,0.8867924528301887,0.6119402985074627,0.6438356164383562,0.8723404255319149,0.8644709997085398
86,0.870242214532872,0.8760330578512395,0.8638838475499091,0.8386075949367089,0.9083969465648855,0.916955017301038,0.8235294117647058,0.9453311143305276,0.7833333333333333,0.8289473684210525,0.7045454545454545,0.7974683544303798,0.7560975609756098,0.863013698630137,0.6595744680851063,0.8659283007869426
87,0.8823529411764706,0.8749999999999999,0.8888888888888888,0.9333333333333333,0.8421052631578947,0.8235294117647058,0.9411764705882353,0.946887609104297,0.7583333333333333,0.7913669064748201,0.7128712871287127,0.8333333333333334,0.6666666666666666,0.7534246575342466,0.7659574468085106,0.865636840571262
88,0.773356401384083,0.809315866084425,0.7206823027718549,0.6984924623115578,0.9388888888888889,0.9619377162629758,0.5847750865051903,0.9459177931298715,0.7666666666666667,0.8313253012048193,0.6216216216216216,0.7419354838709677,0.8518518518518519,0.9452054794520548,0.48936170212765956,0.865636840571262
89,0.8667820069204152,0.8522072936660269,0.878740157480315,0.9568965517241379,0.8063583815028902,0.7681660899653979,0.9653979238754326,0.9494139198524921,0.7583333333333333,0.7751937984496124,0.7387387387387387,0.8928571428571429,0.640625,0.684931506849315,0.8723404255319149,0.8618478577674148
90,0.7214532871972318,0.7785419532324621,0.6247086247086246,0.6461187214611872,0.9571428571428572,0.9792387543252595,0.46366782006920415,0.9470193125082315,0.7583333333333333,0.8304093567251463,0.5797101449275361,0.7244897959183674,0.9090909090909091,0.9726027397260274,0.425531914893617,0.8612649373360537
91,0.8667820069204152,0.8527724665391969,0.8783570300157978,0.9529914529914529,0.8081395348837209,0.7716262975778547,0.9619377162629758,0.9518683923803594,0.7333333333333333,0.7538461538461538,0.7090909090909091,0.8596491228070176,0.6190476190476191,0.6712328767123288,0.8297872340425532,0.8627222384144565
92,0.8754325259515571,0.8758620689655172,0.8750000000000001,0.872852233676976,0.8780487804878049,0.8788927335640139,0.8719723183391004,0.9486835646124927,0.7916666666666666,0.8299319727891157,0.7311827956989247,0.8243243243243243,0.7391304347826086,0.8356164383561644,0.723404255319149,0.8635966190614982
93,0.8685121107266436,0.8538461538461538,0.8805031446540881,0.961038961038961,0.8069164265129684,0.7681660899653979,0.9688581314878892,0.9519043114905233,0.7333333333333333,0.7500000000000001,0.7142857142857144,0.8727272727272727,0.6153846153846154,0.6575342465753424,0.851063829787234,0.8650539201399009
94,0.698961937716263,0.7667560321715817,0.575609756097561,0.6258205689277899,0.9752066115702479,0.9896193771626297,0.4083044982698962,0.9506112235246226,0.7583333333333333,0.8342857142857142,0.5538461538461539,0.7156862745098039,1.0,1.0,0.3829787234042553,0.8650539201399009
95,0.8391003460207612,0.8143712574850299,0.8580152671755725,0.9622641509433962,0.76775956284153,0.7058823529411765,0.972318339100346,0.9535446175213418,0.7166666666666667,0.7166666666666667,0.7166666666666667,0.9148936170212766,0.589041095890411,0.589041095890411,0.9148936170212766,0.8647624599242204
96,0.8269896193771626,0.7967479674796749,0.8493975903614457,0.9655172413793104,0.752,0.6782006920415224,0.9757785467128027,0.9548017863770787,0.7083333333333334,0.7008547008547009,0.7154471544715447,0.9318181818181818,0.5789473684210527,0.5616438356164384,0.9361702127659575,0.8618478577674148
97,0.889273356401384,0.8840579710144927,0.8940397350993377,0.9277566539923955,0.8571428571428571,0.8442906574394463,0.9342560553633218,0.9541791884675711,0.775,0.8137931034482759,0.7157894736842105,0.8194444444444444,0.7083333333333334,0.8082191780821918,0.723404255319149,0.860390556689012
98,0.7889273356401384,0.8216374269005848,0.7415254237288135,0.7113924050632912,0.9562841530054644,0.972318339100346,0.6055363321799307,0.9536882939619976,0.7583333333333333,0.8263473053892215,0.6027397260273972,0.7340425531914894,0.8461538461538461,0.9452054794520548,0.46808510638297873,0.860390556689012
99,0.8788927335640139,0.8805460750853241,0.8771929824561404,0.8686868686868687,0.8896797153024911,0.8927335640138409,0.8650519031141869,0.9553884651764226,0.775,0.8187919463087249,0.7032967032967034,0.8026315789473685,0.7272727272727273,0.8356164383561644,0.6808510638297872,0.8615563975517342
100,0.8806228373702422,0.8710280373831776,0.8888888888888888,0.9471544715447154,0.8313253012048193,0.8062283737024222,0.9550173010380623,0.9563343350774057,0.7333333333333333,0.7611940298507464,0.6981132075471698,0.8360655737704918,0.6271186440677966,0.6986301369863014,0.7872340425531915,0.8624307781987759
101,0.7474048442906575,0.6651376146788992,0.7972222222222222,0.9863945578231292,0.665893271461717,0.5017301038062284,0.9930795847750865,0.9602255720118293,0.6333333333333333,0.5769230769230769,0.676470588235294,0.967741935483871,0.5168539325842697,0.410958904109589,0.9787234042553191,0.8647624599242203
102,0.8875432525951558,0.8785046728971964,0.895330112721417,0.9552845528455285,0.8373493975903614,0.8131487889273357,0.9619377162629758,0.9561427664898648,0.7583333333333333,0.7883211678832116,0.7184466019417476,0.84375,0.6607142857142857,0.7397260273972602,0.7872340425531915,0.8638880792771787
103,0.8321799307958477,0.8032454361054767,0.8536953242835595,0.9705882352941176,0.7566844919786097,0.6851211072664359,0.9792387543252595,0.9585254007974042,0.7083333333333334,0.7058823529411764,0.7107438016528925,0.9130434782608695,0.581081081081081,0.5753424657534246,0.9148936170212766,0.863013698630137
104,0.7318339100346021,0.7862068965517243,0.6403712296983759,0.6536697247706422,0.971830985915493,0.986159169550173,0.47750865051903113,0.9566216879587169,0.7583333333333333,0.8304093567251463,0.5797101449275361,0.7244897959183674,0.9090909090909091,0.9726027397260274,0.425531914893617,0.8665112212183037
105,0.8961937716262975,0.8943661971830987,0.8979591836734693,0.910394265232975,0.882943143812709,0.8788927335640139,0.9134948096885813,0.9578549107410113,0.7833333333333333,0.821917808219178,0.723404255319149,0.821917808219178,0.723404255319149,0.821917808219178,0.723404255319149,0.8638880792771787
106,0.8685121107266436,0.8532818532818532,0.8808777429467085,0.9650655021834061,0.8051575931232091,0.7647058823529411,0.972318339100346,0.9610397385088779,0.7416666666666667,0.752,0.7304347826086957,0.9038461538461539,0.6176470588235294,0.6438356164383562,0.8936170212765957,0.8633051588458175
107,0.9013840830449827,0.8972972972972973,0.9051580698835274,0.9360902255639098,0.8717948717948718,0.8615916955017301,0.9411764705882353,0.9595910010656004,0.775,0.8137931034482759,0.7157894736842105,0.8194444444444444,0.7083333333333334,0.8082191780821918,0.723404255319149,0.865636840571262
108,0.7197231833910035,0.7792915531335151,0.6161137440758294,0.6426966292134831,0.9774436090225563,0.9896193771626297,0.44982698961937717,0.9589803761928137,0.7583333333333333,0.8304093567251463,0.5797101449275361,0.7244897959183674,0.9090909090909091,0.9726027397260274,0.425531914893617,0.8621393179830953
109,0.8944636678200693,0.8868274582560297,0.9011345218800648,0.956,0.8475609756097561,0.8269896193771626,0.9619377162629758,0.9604410866728128,0.7666666666666667,0.7971014492753623,0.7254901960784313,0.8461538461538461,0.6727272727272727,0.7534246575342466,0.7872340425531915,0.865636840571262
110,0.8719723183391004,0.8814102564102564,0.860902255639098,0.8208955223880597,0.9423868312757202,0.9515570934256056,0.7923875432525952,0.9639132673219909,0.8,0.846153846153846,0.7142857142857143,0.7951807228915663,0.8108108108108109,0.9041095890410958,0.6382978723404256,0.8618478577674148
111,0.889273356401384,0.8801498127340824,0.8971061093247589,0.9591836734693877,0.8378378378378378,0.8131487889273357,0.9653979238754326,0.9626441254295327,0.7666666666666667,0.7971014492753623,0.7254901960784313,0.8461538461538461,0.6727272727272727,0.7534246575342466,0.7872340425531915,0.8633051588458176
112,0.8460207612456747,0.8216432865731462,0.8645357686453576,0.9761904761904762,0.7717391304347826,0.7093425605536332,0.9826989619377162,0.9639731325055974,0.7333333333333333,0.7377049180327868,0.7288135593220338,0.9183673469387755,0.6056338028169014,0.6164383561643836,0.9148936170212766,0.8627222384144565
113,0.8615916955017301,0.8425196850393701,0.8765432098765432,0.9771689497716894,0.7910863509749304,0.740484429065744,0.9826989619377162,0.9635540762203518,0.7333333333333333,0.7419354838709677,0.7241379310344828,0.9019607843137255,0.6086956521739131,0.6301369863013698,0.8936170212765957,0.8618478577674148
114,0.9048442906574394,0.9072512647554805,0.9023090586145649,0.8848684210526315,0.927007299270073,0.9307958477508651,0.8788927335640139,0.9648711102596952,0.775,0.8235294117647058,0.6896551724137931,0.7875,0.75,0.863013698630137,0.6382978723404256,0.8627222384144565
115,0.7993079584775087,0.7521367521367521,0.8313953488372093,0.9832402234636871,0.7167919799498746,0.6089965397923875,0.9896193771626297,0.9687384011206762,0.675,0.6548672566371682,0.6929133858267718,0.925,0.55,0.5068493150684932,0.9361702127659575,0.8600990964733314
116,0.7283737024221453,0.7846364883401921,0.6323185011709602,0.65,0.9782608695652174,0.9896193771626297,0.4671280276816609,0.9640928628728104,0.7666666666666667,0.8372093023255814,0.5882352941176471,0.7272727272727273,0.9523809523809523,0.9863013698630136,0.425531914893617,0.8670941416496647
117,0.9013840830449827,0.8950276243093923,0.9070146818923328,0.9566929133858267,0.8580246913580247,0.8408304498269896,0.9619377162629758,0.9651464901042851,0.7666666666666667,0.8028169014084506,0.7142857142857144,0.8260869565217391,0.6862745098039216,0.7808219178082192,0.7446808510638298,0.8650539201399009
118,0.8442906574394463,0.8185483870967742,0.8636363636363636,0.9806763285024155,0.7681940700808625,0.7024221453287197,0.986159169550173,0.9669424456124808,0.7166666666666667,0.7166666666666667,0.7166666666666667,0.9148936170212766,0.589041095890411,0.589041095890411,0.9148936170212766,0.8633051588458176
119,0.916955017301038,0.9157894736842105,0.9180887372013652,0.9288256227758007,0.9057239057239057,0.903114186851211,0.9307958477508651,0.9683073717987093,0.7666666666666667,0.8108108108108107,0.6956521739130436,0.8,0.7111111111111111,0.821917808219178,0.6808510638297872,0.8612649373360536
120,0.9083044982698962,0.9027522935779816,0.9132569558101473,0.9609375,0.8664596273291926,0.8512110726643599,0.9653979238754326,0.9693849451036266,0.7666666666666667,0.8,0.72,0.835820895522388,0.6792452830188679,0.7671232876712328,0.7659574468085106,0.8615563975517342
121,0.9065743944636678,0.900735294117647,0.9117647058823529,0.9607843137254902,0.8637770897832817,0.8477508650519031,0.9653979238754326,0.9705942218124783,0.7666666666666667,0.8028169014084506,0.7142857142857144,0.8260869565217391,0.6862745098039216,0.7808219178082192,0.7446808510638298,0.8647624599242203
122,0.8754325259515571,0.8849840255591055,0.8641509433962263,0.8219584569732937,0.950207468879668,0.9584775086505191,0.7923875432525952,0.9693609990301839,0.7916666666666666,0.8427672955974842,0.691358024691358,0.7790697674418605,0.8235294117647058,0.9178082191780822,0.5957446808510638,0.8609734771203731
123,0.9152249134948097,0.914185639229422,0.9162393162393163,0.925531914893617,0.9054054054054054,0.903114186851211,0.9273356401384083,0.9688940505980531,0.7666666666666667,0.8108108108108107,0.6956521739130436,0.8,0.7111111111111111,0.821917808219178,0.6808510638297872,0.860390556689012
124,0.8858131487889274,0.875,0.8949044585987261,0.9665271966527197,0.8289085545722714,0.7993079584775087,0.972318339100346,0.971216819721986,0.7333333333333333,0.7538461538461538,0.7090909090909091,0.8596491228070176,0.6190476190476191,0.6712328767123288,0.8297872340425532,0.8598076362576508
125,0.9083044982698962,0.9031078610603291,0.9129720853858785,0.9573643410852714,0.86875,0.8546712802768166,0.9619377162629758,0.9708217095101831,0.7666666666666667,0.8,0.72,0.835820895522388,0.6792452830188679,0.7671232876712328,0.7659574468085106,0.8592247158262898
126,0.8944636678200693,0.8855534709193245,0.9020866773675763,0.9672131147540983,0.8413173652694611,0.8166089965397924,0.972318339100346,0.9744136205265741,0.725,0.7518796992481204,0.691588785046729,0.8333333333333334,0.6166666666666667,0.684931506849315,0.7872340425531915,0.8571844943165259
127,0.8927335640138409,0.8834586466165414,0.9006410256410258,0.9670781893004116,0.8388059701492537,0.8131487889273357,0.972318339100346,0.9739586451311647,0.7416666666666667,0.7669172932330827,0.7102803738317757,0.85,0.6333333333333333,0.6986301369863014,0.8085106382978723,0.8595161760419703
128,0.8615916955017301,0.8753894080996885,0.8443579766536965,0.7960339943342776,0.9644444444444444,0.972318339100346,0.7508650519031141,0.9711090623914943,0.7916666666666666,0.84472049689441,0.6835443037974684,0.7727272727272727,0.84375,0.9315068493150684,0.574468085106383,0.8618478577674148
129,0.9134948096885813,0.9084249084249085,0.9180327868852459,0.9649805447470817,0.8722741433021807,0.8581314878892734,0.9688581314878892,0.9725458267980509,0.7583333333333333,0.7972027972027972,0.7010309278350516,0.8142857142857143,0.68,0.7808219178082192,0.723404255319149,0.860390556689012
130,0.8460207612456747,0.8637059724349158,0.823061630218688,0.7747252747252747,0.9672897196261683,0.9757785467128027,0.7162629757785467,0.9715400917134613,0.7666666666666667,0.8292682926829268,0.631578947368421,0.7472527472527473,0.8275862068965517,0.9315068493150684,0.5106382978723404,0.8621393179830952
131,0.8131487889273357,0.773109243697479,0.8411764705882353,0.983957219251337,0.731457800511509,0.6366782006920415,0.9896193771626297,0.9731803977442799,0.675,0.6548672566371682,0.6929133858267718,0.925,0.55,0.5068493150684932,0.9361702127659575,0.8595161760419703
132,0.7785467128027682,0.7168141592920353,0.8181818181818182,0.9938650306748467,0.6939759036144578,0.5605536332179931,0.9965397923875432,0.9742220519390332,0.6583333333333333,0.6238532110091743,0.6870229007633588,0.9444444444444444,0.5357142857142857,0.4657534246575342,0.9574468085106383,0.8598076362576509
133,0.916955017301038,0.9130434782608696,0.9205298013245032,0.9581749049429658,0.8825396825396825,0.8719723183391004,0.9619377162629758,0.9733240741849355,0.7583333333333333,0.8,0.6947368421052632,0.8055555555555556,0.6875,0.7945205479452054,0.7021276595744681,0.8641795394928592
134,0.9048442906574394,0.8979591836734694,0.9108589951377634,0.968,0.8567073170731707,0.8373702422145328,0.972318339100346,0.9756707893823111,0.7333333333333333,0.7647058823529411,0.6923076923076923,0.8253968253968254,0.631578947368421,0.7123287671232876,0.7659574468085106,0.8589332556106092
135,0.9083044982698962,0.9020332717190388,0.913821138211382,0.9682539682539683,0.8619631901840491,0.8442906574394463,0.972318339100346,0.9756228972354257,0.7583333333333333,0.7913669064748201,0.7128712871287127,0.8333333333333334,0.6666666666666666,0.7534246575342466,0.7659574468085106,0.8580588749635675
136,0.903114186851211,0.9072847682119206,0.8985507246376812,0.8698412698412699,0.9429657794676806,0.9480968858131488,0.8581314878892734,0.9741621867554268,0.7833333333333333,0.8311688311688312,0.6976744186046512,0.7901234567901234,0.7692307692307693,0.8767123287671232,0.6382978723404256,0.8595161760419704
137,0.8823529411764706,0.8692307692307693,0.8930817610062893,0.9783549783549783,0.8184438040345822,0.7820069204152249,0.9826989619377162,0.9778259359921457,0.7416666666666667,0.752,0.7304347826086957,0.9038461538461539,0.6176470588235294,0.6438356164383562,0.8936170212765957,0.8563101136694842
138,0.9238754325259516,0.9225352112676057,0.9251700680272108,0.9390681003584229,0.9096989966555183,0.9065743944636678,0.9411764705882353,0.9769040121646053,0.7666666666666667,0.8108108108108107,0.6956521739130436,0.8,0.7111111111111111,0.821917808219178,0.6808510638297872,0.8580588749635675
139,0.8737024221453287,0.8846761453396524,0.8604206500956023,0.813953488372093,0.9615384615384616,0.9688581314878892,0.7785467128027682,0.9775864752577196,0.7916666666666666,0.84472049689441,0.6835443037974684,0.7727272727272727,0.84375,0.9315068493150684,0.574468085106383,0.8580588749635675
140,0.8806228373702422,0.8670520231213873,0.8916797488226059,0.9782608695652174,0.8160919540229885,0.7785467128027682,0.9826989619377162,0.9784006417547683,0.7333333333333333,0.7419354838709677,0.7241379310344828,0.9019607843137255,0.6086956521739131,0.6301369863013698,0.8936170212765957,0.8595161760419703
141,0.8321799307958477,0.8536953242835595,0.8032454361054767,0.7566844919786097,0.9705882352941176,0.9792387543252595,0.6851211072664359,0.9743896744531315,0.775,0.8363636363636364,0.64,0.75,0.8571428571428571,0.9452054794520548,0.5106382978723404,0.860390556689012
142,0.9273356401384083,0.9275862068965518,0.9270833333333334,0.9243986254295533,0.9303135888501742,0.9307958477508651,0.9238754325259516,0.9802325163731277,0.7666666666666667,0.8108108108108107,0.6956521739130436,0.8,0.7111111111111111,0.821917808219178,0.6808510638297872,0.8600990964733314
143,0.8217993079584776,0.8469539375928677,0.7867494824016563,0.7421875,0.979381443298969,0.986159169550173,0.657439446366782,0.9752158139869015,0.775,0.8363636363636364,0.64,0.75,0.8571428571428571,0.9452054794520548,0.5106382978723404,0.8580588749635675
144,0.9238754325259516,0.92057761732852,0.9269102990033223,0.9622641509433962,0.8913738019169329,0.8823529411764706,0.9653979238754326,0.9792746734354234,0.7416666666666667,0.7862068965517242,0.6736842105263158,0.7916666666666666,0.6666666666666666,0.7808219178082192,0.6808510638297872,0.8595161760419703
145,0.9013840830449827,0.9060955518945635,0.8961748633879781,0.8647798742138365,0.9461538461538461,0.9515570934256056,0.8512110726643599,0.9765927132098514,0.7833333333333333,0.8333333333333334,0.6904761904761905,0.7831325301204819,0.7837837837837838,0.8904109589041096,0.6170212765957447,0.8577674147478869
146,0.7231833910034602,0.6172248803827751,0.7831978319783197,1.0,0.643652561247216,0.4463667820069204,1.0,0.982962368745585,0.55,0.4375,0.6250000000000001,0.9130434782608695,0.4639175257731959,0.2876712328767123,0.9574468085106383,0.8522296706499563
147,0.8373702422145328,0.8588588588588589,0.8081632653061223,0.7586206896551724,0.9850746268656716,0.9896193771626297,0.6851211072664359,0.9786999676728009,0.775,0.8363636363636364,0.64,0.75,0.8571428571428571,0.9452054794520548,0.5106382978723404,0.8548528125910813
148,0.9204152249134948,0.9230769230769231,0.9175627240143369,0.8932038834951457,0.9516728624535316,0.9550173010380623,0.8858131487889274,0.9801367320793573,0.775,0.8235294117647058,0.6896551724137931,0.7875,0.75,0.863013698630137,0.6382978723404256,0.858350335179248
149,0.8391003460207612,0.8098159509202453,0.8605697151424289,0.99,0.7592592592592593,0.6851211072664359,0.9930795847750865,0.9827708001580441,0.6916666666666667,0.6837606837606837,0.6991869918699187,0.9090909090909091,0.5657894736842105,0.547945205479452,0.9148936170212766,0.8513552900029147
150,0.9342560553633218,0.9344827586206896,0.9340277777777778,0.9312714776632303,0.9372822299651568,0.9377162629757786,0.9307958477508651,0.9798014870511609,0.7666666666666667,0.8133333333333332,0.6888888888888888,0.7922077922077922,0.7209302325581395,0.8356164383561644,0.6595744680851063,0.8563101136694842
151,0.8667820069204152,0.8475247524752475,0.881720430107527,0.9907407407407407,0.7928176795580111,0.740484429065744,0.9930795847750865,0.9814417930819794,0.7083333333333334,0.7107438016528926,0.7058823529411765,0.8958333333333334,0.5833333333333334,0.589041095890411,0.8936170212765957,0.8557271932381231
152,0.8252595155709342,0.7891440501043842,0.8508124076809453,0.9947368421052631,0.7422680412371134,0.6539792387543253,0.9965397923875432,0.9816333616695203,0.6916666666666667,0.6782608695652174,0.7040000000000001,0.9285714285714286,0.5641025641025641,0.5342465753424658,0.9361702127659575,0.8563101136694842
153,0.9134948096885813,0.9080882352941175,0.9183006535947712,0.9686274509803922,0.8699690402476781,0.8546712802768166,0.972318339100346,0.9840638881239449,0.7583333333333333,0.7972027972027972,0.7010309278350516,0.8142857142857143,0.68,0.7808219178082192,0.723404255319149,0.8557271932381231
154,0.8356401384083045,0.8041237113402062,0.8584202682563338,0.9948979591836735,0.7539267015706806,0.6747404844290658,0.9965397923875432,0.9841716454544367,0.7,0.689655172413793,0.7096774193548386,0.9302325581395349,0.5714285714285714,0.547945205479452,0.9361702127659575,0.8566015738851647
155,0.7006920415224913,0.7690253671562083,0.5749385749385749,0.6260869565217392,0.9915254237288136,0.9965397923875432,0.40484429065743943,0.979969109565259,0.7333333333333333,0.8202247191011236,0.48387096774193555,0.6952380952380952,1.0,1.0,0.3191489361702128,0.8598076362576508
156,0.9446366782006921,0.9440559440559441,0.9452054794520548,0.9540636042402827,0.9355932203389831,0.9342560553633218,0.9550173010380623,0.9820284718813233,0.7583333333333333,0.802721088435374,0.6881720430107526,0.7972972972972973,0.6956521739130435,0.8082191780821918,0.6808510638297872,0.8563101136694842
157,0.9204152249134948,0.9166666666666666,0.9238410596026491,0.9619771863117871,0.8857142857142857,0.8754325259515571,0.9653979238754326,0.9834053711042732,0.7333333333333333,0.7777777777777778,0.6666666666666666,0.7887323943661971,0.6530612244897959,0.7671232876712328,0.6808510638297872,0.8533955115126786
158,0.9048442906574394,0.9105691056910569,0.8983364140480592,0.8588957055214724,0.9642857142857143,0.9688581314878892,0.8408304498269896,0.9831299912596831,0.8,0.85,0.7,0.7816091954022989,0.8484848484848485,0.9315068493150684,0.5957446808510638,0.8568930341008453
159,0.9273356401384083,0.9244604316546763,0.93,0.9625468164794008,0.8971061093247589,0.889273356401384,0.9653979238754326,0.9832497216268962,0.7416666666666667,0.7862068965517242,0.6736842105263158,0.7916666666666666,0.6666666666666666,0.7808219178082192,0.6808510638297872,0.8571844943165258
160,0.9134948096885813,0.9077490774907749,0.9185667752442996,0.9723320158102767,0.8676923076923077,0.8512110726643599,0.9757785467128027,0.9849858119514853,0.7583333333333333,0.7913669064748201,0.7128712871287127,0.8333333333333334,0.6666666666666666,0.7534246575342466,0.7659574468085106,0.855727193238123
161,0.8200692041522492,0.8461538461538463,0.7833333333333332,0.7390180878552972,0.9842931937172775,0.9896193771626297,0.6505190311418685,0.9813699548616516,0.775,0.8363636363636364,0.64,0.75,0.8571428571428571,0.9452054794520548,0.5106382978723404,0.8583503351792481
162,0.7906574394463668,0.7352297592997812,0.82689556509299,1.0,0.7048780487804878,0.5813148788927336,1.0,0.9853569760898455,0.6666666666666666,0.6363636363636364,0.6923076923076923,0.9459459459459459,0.5421686746987951,0.4794520547945205,0.9574468085106383,0.8566015738851648
163,0.8875432525951558,0.8747591522157996,0.8979591836734694,0.9869565217391304,0.8218390804597702,0.7854671280276817,0.9896193771626297,0.9855126255672225,0.75,0.7656250000000001,0.7321428571428572,0.8909090909090909,0.6307692307692307,0.6712328767123288,0.8723404255319149,0.8545613523754008
164,0.8823529411764706,0.8682170542635659,0.8937499999999999,0.986784140969163,0.8148148148148148,0.7750865051903114,0.9896193771626297,0.9866261179823039,0.7333333333333333,0.7419354838709677,0.7241379310344828,0.9019607843137255,0.6086956521739131,0.6301369863013698,0.8936170212765957,0.8507723695715536
165,0.8961937716262975,0.8859315589353612,0.9047619047619049,0.9831223628691983,0.8357771260997068,0.8062283737024222,0.986159169550173,0.9861232504400091,0.7666666666666667,0.7846153846153846,0.7454545454545455,0.8947368421052632,0.6507936507936508,0.6986301369863014,0.8723404255319149,0.8580588749635674
166,0.9065743944636678,0.898876404494382,0.9131832797427654,0.9795918367346939,0.8528528528528528,0.8304498269896193,0.9826989619377162,0.9865782258354187,0.7333333333333333,0.7611940298507464,0.6981132075471698,0.8360655737704918,0.6271186440677966,0.6986301369863014,0.7872340425531915,0.8533955115126785
167,0.8269896193771626,0.8516320474777449,0.7925311203319502,0.7454545454545455,0.9896373056994818,0.9930795847750865,0.6608996539792388,0.9836927239855844,0.775,0.8363636363636364,0.64,0.75,0.8571428571428571,0.9452054794520548,0.5106382978723404,0.8545613523754009
168,0.6349480968858131,0.4250681198910082,0.7325728770595691,1.0,0.578,0.2698961937716263,1.0,0.9879670980950899,0.5083333333333333,0.3218390804597701,0.6143790849673203,1.0,0.44339622641509435,0.1917808219178082,1.0,0.853104051296998
169,0.9256055363321799,0.922242314647378,0.9286898839137646,0.9659090909090909,0.89171974522293,0.8823529411764706,0.9688581314878892,0.9842434836747647,0.75,0.7916666666666666,0.6875000000000001,0.8028169014084507,0.673469387755102,0.7808219178082192,0.7021276595744681,0.8542698921597203
170,0.9117647058823529,0.9057301293900184,0.9170731707317074,0.9722222222222222,0.8650306748466258,0.8477508650519031,0.9757785467128027,0.9876318530668933,0.7416666666666667,0.7737226277372263,0.6990291262135921,0.828125,0.6428571428571429,0.726027397260274,0.7659574468085106,0.8516467502185951
171,0.870242214532872,0.8829953198127926,0.8543689320388349,0.8039772727272727,0.9734513274336283,0.9792387543252595,0.7612456747404844,0.985799978448534,0.7916666666666666,0.84472049689441,0.6835443037974684,0.7727272727272727,0.84375,0.9315068493150684,0.574468085106383,0.8542698921597202
172,0.9048442906574394,0.9108589951377634,0.8979591836734694,0.8567073170731707,0.968,0.972318339100346,0.8373702422145328,0.9850576501718131,0.8,0.85,0.7,0.7816091954022989,0.8484848484848485,0.9315068493150684,0.5957446808510638,0.8554357330224425
173,0.9186851211072664,0.9225700164744646,0.9143897996357013,0.8805031446540881,0.9653846153846154,0.9688581314878892,0.8685121107266436,0.9873804192957459,0.7916666666666666,0.8427672955974842,0.691358024691358,0.7790697674418605,0.8235294117647058,0.9178082191780822,0.5957446808510638,0.8536869717283591
174,0.9359861591695502,0.9373942470389172,0.9345132743362832,0.9172185430463576,0.9565217391304348,0.9584775086505191,0.9134948096885813,0.9866859831659105,0.7833333333333333,0.8311688311688312,0.6976744186046512,0.7901234567901234,0.7692307692307693,0.8767123287671232,0.6382978723404256,0.8536869717283591
175,0.9256055363321799,0.9286898839137646,0.922242314647378,0.89171974522293,0.9659090909090909,0.9688581314878892,0.8823529411764706,0.9861232504400091,0.8,0.8481012658227848,0.7073170731707318,0.788235294117647,0.8285714285714286,0.9178082191780822,0.6170212765957447,0.8554357330224425
176,0.916955017301038,0.9111111111111111,0.922077922077922,0.9800796812749004,0.8685015290519877,0.8512110726643599,0.9826989619377162,0.9879431520216473,0.75,0.7826086956521738,0.7058823529411765,0.8307692307692308,0.6545454545454545,0.7397260273972602,0.7659574468085106,0.8522296706499563
177,0.889273356401384,0.8980891719745223,0.8787878787878788,0.831858407079646,0.9707112970711297,0.9757785467128027,0.8027681660899654,0.9852851378695178,0.7916666666666666,0.84472049689441,0.6835443037974684,0.7727272727272727,0.84375,0.9315068493150684,0.574468085106383,0.8566015738851647
178,0.9290657439446367,0.926391382405745,0.9315525876460767,0.9626865671641791,0.9,0.8927335640138409,0.9653979238754326,0.9874881766262377,0.75,0.7916666666666666,0.6875000000000001,0.8028169014084507,0.673469387755102,0.7808219178082192,0.7021276595744681,0.853104051296998
179,0.889273356401384,0.8764478764478765,0.8996865203761755,0.9912663755458515,0.8223495702005731,0.7854671280276817,0.9930795847750865,0.9881586666826309,0.7333333333333333,0.746031746031746,0.7192982456140352,0.8867924528301887,0.6119402985074627,0.6438356164383562,0.8723404255319149,0.8507723695715534
180,0.9325259515570934,0.9294755877034357,0.9353233830845771,0.9734848484848485,0.8980891719745223,0.889273356401384,0.9757785467128027,0.9888531028124664,0.7416666666666667,0.7832167832167832,0.6804123711340208,0.8,0.66,0.7671232876712328,0.7021276595744681,0.8548528125910814
181,0.9290657439446367,0.9255898366606169,0.9322314049586777,0.9732824427480916,0.8924050632911392,0.8823529411764706,0.9757785467128027,0.9901461907783671,0.7416666666666667,0.7801418439716311,0.6868686868686869,0.8088235294117647,0.6538461538461539,0.7534246575342466,0.723404255319149,0.8528125910813174
182,0.9480968858131488,0.9469964664310955,0.9491525423728813,0.9675090252707581,0.9302325581395349,0.9273356401384083,0.9688581314878892,0.9882783970498438,0.75,0.7945205479452053,0.6808510638297872,0.7945205479452054,0.6808510638297872,0.7945205479452054,0.6808510638297872,0.8580588749635675
183,0.9273356401384083,0.9236363636363637,0.9306930693069306,0.9731800766283525,0.889589905362776,0.8788927335640139,0.9757785467128027,0.9888890219226303,0.75,0.7887323943661971,0.6938775510204082,0.8115942028985508,0.6666666666666666,0.7671232876712328,0.723404255319149,0.8533955115126786
184,0.9256055363321799,0.9213893967093236,0.929392446633826,0.9767441860465116,0.884375,0.8719723183391004,0.9792387543252595,0.9905413009901701,0.7416666666666667,0.776978417266187,0.6930693069306931,0.8181818181818182,0.6481481481481481,0.7397260273972602,0.7446808510638298,0.8528125910813174
185,0.9100346020761245,0.9018867924528302,0.916932907348243,0.991701244813278,0.8516320474777448,0.8269896193771626,0.9930795847750865,0.9907448426144323,0.75,0.7761194029850746,0.7169811320754716,0.8524590163934426,0.6440677966101694,0.7123287671232876,0.8085106382978723,0.853104051296998
186,0.9204152249134948,0.9154411764705883,0.9248366013071896,0.9764705882352941,0.8761609907120743,0.8615916955017301,0.9792387543252595,0.9903736784760719,0.7416666666666667,0.776978417266187,0.6930693069306931,0.8181818181818182,0.6481481481481481,0.7397260273972602,0.7446808510638298,0.8525211308656369
187,0.9411764705882353,0.9427609427609428,0.9395017793594307,0.9180327868852459,0.967032967032967,0.9688581314878892,0.9134948096885813,0.9897630536032854,0.7916666666666666,0.840764331210191,0.6987951807228916,0.7857142857142857,0.8055555555555556,0.9041095890410958,0.6170212765957447,0.853104051296998
188,0.9065743944636678,0.8977272727272727,0.9140127388535032,0.9916317991631799,0.8466076696165191,0.8200692041522492,0.9930795847750865,0.9916547934052513,0.7333333333333333,0.7575757575757576,0.7037037037037038,0.847457627118644,0.6229508196721312,0.684931506849315,0.8085106382978723,0.8568930341008452
189,0.9446366782006921,0.9432624113475179,0.9459459459459459,0.9672727272727273,0.9240924092409241,0.9204152249134948,0.9688581314878892,0.9892961051711545,0.75,0.7916666666666666,0.6875000000000001,0.8028169014084507,0.673469387755102,0.7808219178082192,0.7021276595744681,0.8557271932381231
190,0.9100346020761245,0.9166666666666667,0.9022556390977443,0.8537313432835821,0.9876543209876543,0.9896193771626297,0.8304498269896193,0.9914871708911531,0.8,0.85,0.7,0.7816091954022989,0.8484848484848485,0.9315068493150684,0.5957446808510638,0.8496065287088311
191,0.9532871972318339,0.9527145359019266,0.9538461538461539,0.9645390070921985,0.9425675675675675,0.9411764705882353,0.9653979238754326,0.9909603572754158,0.75,0.7972972972972971,0.6739130434782609,0.7866666666666666,0.6888888888888889,0.8082191780821918,0.6595744680851063,0.8487321480617895
192,0.8754325259515571,0.8878504672897197,0.8599221789883269,0.8073654390934845,0.9822222222222222,0.986159169550173,0.7647058823529411,0.9879192059482046,0.7833333333333333,0.8395061728395061,0.6666666666666666,0.7640449438202247,0.8387096774193549,0.9315068493150684,0.5531914893617021,0.855727193238123
193,0.9221453287197232,0.9263502454991817,0.9174311926605505,0.8788819875776398,0.9765625,0.9792387543252595,0.8650519031141869,0.9908047077980389,0.8,0.8481012658227848,0.7073170731707318,0.788235294117647,0.8285714285714286,0.9178082191780822,0.6170212765957447,0.8516467502185951
194,0.9446366782006921,0.9459459459459459,0.9432624113475179,0.9240924092409241,0.9672727272727273,0.9688581314878892,0.9204152249134948,0.9895714850157445,0.7833333333333333,0.8333333333333334,0.6904761904761905,0.7831325301204819,0.7837837837837838,0.8904109589041096,0.6170212765957447,0.8525211308656369
195,0.9584775086505191,0.958904109589041,0.958041958041958,0.9491525423728814,0.9681978798586572,0.9688581314878892,0.9480968858131488,0.9907687886878749,0.7666666666666667,0.8157894736842105,0.6818181818181819,0.7848101265822784,0.7317073170731707,0.8493150684931506,0.6382978723404256,0.8516467502185951
196,0.8131487889273357,0.8421052631578946,0.771186440677966,0.7291139240506329,0.994535519125683,0.9965397923875432,0.629757785467128,0.9903138132924654,0.75,0.8235294117647058,0.5714285714285714,0.7216494845360825,0.8695652173913043,0.958904109589041,0.425531914893617,0.8528125910813174
197,0.9584775086505191,0.9583333333333333,0.9586206896551724,0.9616724738675958,0.9553264604810997,0.9550173010380623,0.9619377162629758,0.9914751978544318,0.7583333333333333,0.8079470198675496,0.6741573033707866,0.782051282051282,0.7142857142857143,0.8356164383561644,0.6382978723404256,0.851063829787234
198,0.9256055363321799,0.9213893967093236,0.929392446633826,0.9767441860465116,0.884375,0.8719723183391004,0.9792387543252595,0.9920738496904971,0.75,0.7857142857142858,0.7,0.8208955223880597,0.660377358490566,0.7534246575342466,0.7446808510638298,0.8510638297872339
199,0.9463667820069204,0.9451327433628319,0.9475465313028764,0.967391304347826,0.9271523178807947,0.9238754325259516,0.9688581314878892,0.9924809329390214,0.75,0.7945205479452053,0.6808510638297872,0.7945205479452054,0.6808510638297872,0.7945205479452054,0.6808510638297872,0.8513552900029147
200,0.9325259515570934,0.9292196007259528,0.9355371900826447,0.9770992366412213,0.8955696202531646,0.8858131487889274,0.9792387543252595,0.9923133104249231,0.7416666666666667,0.7801418439716311,0.6868686868686869,0.8088235294117647,0.6538461538461539,0.7534246575342466,0.723404255319149,0.8522296706499563
201,0.8615916955017301,0.8776758409785932,0.8406374501992032,0.7863013698630137,0.9906103286384976,0.9930795847750865,0.7301038062283737,0.9910561415691862,0.775,0.8363636363636364,0.64,0.75,0.8571428571428571,0.9452054794520548,0.5106382978723404,0.8528125910813175
202,0.9584775086505191,0.9583333333333333,0.9586206896551724,0.9616724738675958,0.9553264604810997,0.9550173010380623,0.9619377162629758,0.993378910693119,0.7583333333333333,0.8053691275167785,0.6813186813186813,0.7894736842105263,0.7045454545454546,0.821917808219178,0.6595744680851063,0.8522296706499564
203,0.7785467128027682,0.8186968838526911,0.7155555555555556,0.6930455635491607,1.0,1.0,0.5570934256055363,0.992708420636726,0.7416666666666667,0.8228571428571428,0.5230769230769231,0.7058823529411765,0.9444444444444444,0.9863013698630136,0.3617021276595745,0.8481492276304284
204,0.9515570934256056,0.9528619528619529,0.9501779359430604,0.9278688524590164,0.978021978021978,0.9792387543252595,0.9238754325259516,0.9929239352977095,0.7833333333333333,0.8333333333333334,0.6904761904761905,0.7831325301204819,0.7837837837837838,0.8904109589041096,0.6170212765957447,0.8496065287088312
205,0.9619377162629758,0.962457337883959,0.9614035087719298,0.9494949494949495,0.9750889679715302,0.9757785467128027,0.9480968858131488,0.9943008345206594,0.7916666666666666,0.8387096774193549,0.7058823529411764,0.7926829268292683,0.7894736842105263,0.8904109589041096,0.6382978723404256,0.84902360827747
206,0.856401384083045,0.8736681887366818,0.8336673346693387,0.779891304347826,0.9904761904761905,0.9930795847750865,0.7197231833910035,0.9916547934052514,0.7833333333333333,0.8414634146341463,0.6578947368421053,0.7582417582417582,0.8620689655172413,0.9452054794520548,0.5319148936170213,0.8493150684931506
207,0.9463667820069204,0.9447415329768271,0.9478991596638655,0.9742647058823529,0.9215686274509803,0.916955017301038,0.9757785467128027,0.9934866680236107,0.75,0.7916666666666666,0.6875000000000001,0.8028169014084507,0.673469387755102,0.7808219178082192,0.7021276595744681,0.8519382104342758
208,0.8633217993079585,0.8793893129770992,0.8423153692614769,0.7868852459016393,0.9952830188679245,0.9965397923875432,0.7301038062283737,0.9928042049304965,0.775,0.8363636363636364,0.64,0.75,0.8571428571428571,0.9452054794520548,0.5106382978723404,0.8475663071990673
209,0.9550173010380623,0.95578231292517,0.954225352112676,0.939799331103679,0.9713261648745519,0.972318339100346,0.9377162629757786,0.9927203936734473,0.7916666666666666,0.8387096774193549,0.7058823529411764,0.7926829268292683,0.7894736842105263,0.8904109589041096,0.6382978723404256,0.8493150684931506
210,0.9186851211072664,0.9121495327102803,0.9243156199677939,0.991869918699187,0.8644578313253012,0.8442906574394463,0.9930795847750865,0.9941571580800038,0.7416666666666667,0.7703703703703705,0.7047619047619048,0.8387096774193549,0.6379310344827587,0.7123287671232876,0.7872340425531915,0.8496065287088312
211,0.9550173010380623,0.9547038327526132,0.9553264604810996,0.9614035087719298,0.9488054607508533,0.9480968858131488,0.9619377162629758,0.9923731756085296,0.7583333333333333,0.8053691275167785,0.6813186813186813,0.7894736842105263,0.7045454545454546,0.821917808219178,0.6595744680851063,0.8498979889245118
212,0.9359861591695502,0.9328493647912885,0.9388429752066115,0.9809160305343512,0.8987341772151899,0.889273356401384,0.9826989619377162,0.9941691311167251,0.7416666666666667,0.776978417266187,0.6930693069306931,0.8181818181818182,0.6481481481481481,0.7397260273972602,0.7446808510638298,0.8466919265520256
213,0.9325259515570934,0.9281767955801106,0.9363784665579119,0.9921259842519685,0.8858024691358025,0.8719723183391004,0.9930795847750865,0.994911459393446,0.75,0.7826086956521738,0.7058823529411765,0.8307692307692308,0.6545454545454545,0.7397260273972602,0.7659574468085106,0.8472748469833867
214,0.8961937716262975,0.9056603773584905,0.8846153846153846,0.829971181556196,0.9956709956709957,0.9965397923875432,0.7958477508650519,0.9925527711593491,0.7833333333333333,0.8395061728395061,0.6666666666666666,0.7640449438202247,0.8387096774193549,0.9315068493150684,0.5531914893617021,0.8548528125910814
215,0.9584775086505191,0.9578947368421051,0.9590443686006827,0.9715302491103203,0.9461279461279462,0.9446366782006921,0.972318339100346,0.993414829803283,0.75,0.7916666666666666,0.6875000000000001,0.8028169014084507,0.673469387755102,0.7808219178082192,0.7021276595744681,0.8528125910813175
216,0.9048442906574394,0.8952380952380953,0.91283676703645,0.9957627118644068,0.8421052631578947,0.8131487889273357,0.9965397923875432,0.9949593515403312,0.7333333333333333,0.7538461538461538,0.7090909090909091,0.8596491228070176,0.6190476190476191,0.6712328767123288,0.8297872340425532,0.851063829787234
